{
  "roomBBox": {
    "x": -1.042532540417602,
    "y": -1.231,
    "z": -0.3,
    "xDist": 42.40442154041761,
    "yDist": 20.2735325404176,
    "zDist": 12.98
  },
  "obstacleBBoxes": [
    {
      "x": 10,
      "y": 5,
      "z": 1,
      "xDist": 13,
      "yDist": 10,
      "zDist": 4
    }

  ]
}
